id,title,year,type,source,authors,institutions,language,cites,doi,cited_by_count,related_to,fwci,citation_percentile,topic,subfield,field,domain,open_access_status
https://openalex.org/W2963061782,Joint Trajectory and Communication Design for Multi-UAV Enabled Wireless Networks,2018,article,IEEE Transactions on Wireless Communications,"Qingqing Wu, Yong Zeng, Rui Zhang",National University of Singapore,en,33,https://doi.org/10.1109/twc.2017.2789293,1873,10,382.06570531,100.00,UAV Applications and Optimization,Aerospace Engineering,Engineering,Physical Sciences,closed
https://openalex.org/W3006143078,"Joint Radar and Communication Design: Applications, State-of-the-Art, and the Road Ahead",2020,article,IEEE Transactions on Communications,"Fan Liu, Christos Masouros, Athina P. Petropulu, Hugh Griffiths, Lajos Hanzo","University College London, Rutgers, The State University of New Jersey, University of Southampton",en,136,https://doi.org/10.1109/tcomm.2020.2973976,1599,10,263.71732695,100.00,Radar Systems and Signal Processing,Aerospace Engineering,Engineering,Physical Sciences,closed
https://openalex.org/W2981726317,Joint Computation and Communication Design for UAV-Assisted Mobile Edge Computing in IoT,2019,article,IEEE Transactions on Industrial Informatics,"Tiankui Zhang, Yu Xu, Jonathan Loo, Dingcheng Yang, Lin Xiao","Beijing University of Posts and Telecommunications, University of West London, Nanchang University",en,34,https://doi.org/10.1109/tii.2019.2948406,396,10,58.62961508,99.96,UAV Applications and Optimization,Aerospace Engineering,Engineering,Physical Sciences,green
https://openalex.org/W2670007299,"Communication Design: Principles, Methods, and Practice",2004,book,,Jorge Frascara,,en,30,,206,20,0.80250784,78.27,Design Education and Practice,Mechanical Engineering,Engineering,Physical Sciences,closed
https://openalex.org/W1587413890,Data Visualization and Infographics In Visual Communication Design Education at The Age of Information,2014,article,Journal of Arts and Humanities,Banu İnanç Uyan Dur,TOBB University of Economics and Technology,en,8,https://doi.org/10.18533/journal.v3i5.460,129,20,3.13484008,93.55,Data Visualization and Analytics,Computer Vision and Pattern Recognition,Computer Science,Physical Sciences,green
https://openalex.org/W3043126041,The application of computer graphics processing in visual communication design,2020,article,Journal of Intelligent & Fuzzy Systems,"Mingming Fan, Yunsong Li",Xidian University,en,27,https://doi.org/10.3233/jifs-189003,126,10,17.36134163,98.81,Digital Media and Visual Art,Computer Graphics and Computer-Aided Design,Computer Science,Physical Sciences,closed
https://openalex.org/W3036079579,3D UAV Trajectory and Communication Design for Simultaneous Uplink and Downlink Transmission,2020,article,IEEE Transactions on Communications,"Meng Hua, Lüxi Yang, Qingqing Wu, A. Lee Swindlehurst","Southeast University, City University of Macau, University of Macau, University of California, Irvine",en,53,https://doi.org/10.1109/tcomm.2020.3003662,125,10,23.59418893,99.72,UAV Applications and Optimization,Aerospace Engineering,Engineering,Physical Sciences,closed
https://openalex.org/W2963285294,Joint Trajectory and Communication Design for UAV-Enabled Multiple Access,2017,article,GLOBECOM 2017 - 2017 IEEE Global Communications Conference,"Qingqing Wu, Yong Zeng, Rui Zhang",National University of Singapore,en,15,https://doi.org/10.1109/glocom.2017.8254949,114,10,28.79197078,99.84,UAV Applications and Optimization,Aerospace Engineering,Engineering,Physical Sciences,closed
https://openalex.org/W2024975382,On observer-based secure communication design using discrete-time hyperchaotic systems,2013,article,Communications in Nonlinear Science and Numerical Simulation,"Rania Linda Filali, Mohamed Benrejeb, Pierre Borne","Laboratoire d'Automatique, Génie Informatique et Signal, École Centrale de Lille, National Engineering School of Tunis",en,31,https://doi.org/10.1016/j.cnsns.2013.09.005,95,10,7.56655436,98.23,Chaos control and synchronization,Statistical and Nonlinear Physics,Physics and Astronomy,Physical Sciences,closed
https://openalex.org/W2912917423,Joint Trajectory and Communication Design for Secure UAV Networks,2019,article,IEEE Communications Letters,"Zhiyang Li, Ming Chen, Cunhua Pan, Nuo Huang, Zhaohui Yang, Arumugam Nallanathan","Southeast University, Queen Mary University of London, King's College London",en,11,https://doi.org/10.1109/lcomm.2019.2898404,92,10,20.91651133,99.67,UAV Applications and Optimization,Aerospace Engineering,Engineering,Physical Sciences,closed
https://openalex.org/W2510522738,Communication Design for Energy Management Automation in Microgrid,2016,article,IEEE Transactions on Smart Grid,"Ikbal Ali, S. M. Suhail Hussain",Jamia Millia Islamia,en,22,https://doi.org/10.1109/tsg.2016.2606131,86,10,8.93733321,98.43,Microgrid Control and Optimization,Control and Systems Engineering,Engineering,Physical Sciences,closed
https://openalex.org/W2095972438,Using Actor Network Theory to Trace and Improve Multimodal Communication Design,2009,article,Technical Communication Quarterly,Liza Potts,Old Dominion University,en,34,https://doi.org/10.1080/10572250902941812,79,10,16.11941933,98.76,Information Systems Theories and Implementation,Sociology and Political Science,Social Sciences,Social Sciences,closed
https://openalex.org/W2936463392,RETRACTED ARTICLE: Innovation and improvement of visual communication design of mobile app based on social network interaction interface design,2019,article,Multimedia Tools and Applications,"Haotian Wu, Guangan Li",Shanghai University of Engineering Science,en,34,https://doi.org/10.1007/s11042-019-7523-6,79,10,32.52272724,99.79,Digital Media and Visual Art,Computer Graphics and Computer-Aided Design,Computer Science,Physical Sciences,closed
https://openalex.org/W4224017605,Aesthetics of Sustainability: Research on the Design Strategies for Emotionally Durable Visual Communication Design,2022,article,Sustainability,"Shaorong Ji, Pang-Soong Lin","China Academy of Art, Asia University",en,125,https://doi.org/10.3390/su14084649,71,10,20.13886176,99.55,Color perception and design,Social Psychology,Psychology,Social Sciences,gold
https://openalex.org/W2131764468,Crafting Supportive Communication Online: A Communication Design Analysis of Conflict in an Online Support Group,2010,article,Journal of Applied Communication Research,"Mark Aakhus, Esther Rumsey",,en,36,https://doi.org/10.1080/00909880903483581,64,10,6.44895432,95.99,Team Dynamics and Performance,Social Psychology,Psychology,Social Sciences,closed
https://openalex.org/W2613631318,A Joint Control–Communication Design for Reliable Vehicle Platooning in Hybrid Traffic,2017,article,IEEE Transactions on Vehicular Technology,"Liu Bing-yi, Dongyao Jia, Kejie Lu, Dong Ngoduy, Jianping Wang, Libing Wu","Wuhan University, City University of Hong Kong, University of Leeds, Shanghai University of Electric Power, University of Puerto Rico-Mayaguez, University of Canterbury",en,40,https://doi.org/10.1109/tvt.2017.2702650,62,10,5.39530019,96.11,Traffic control and management,Control and Systems Engineering,Engineering,Physical Sciences,closed
https://openalex.org/W2955731184,RETRACTED ARTICLE: Visual communication design elements of Internet of Things based on cloud computing applied in graffiti art schema,2019,article,Soft Computing,"Hao‐Tian Wu, Guangan Li",Shanghai University of Engineering Science,en,21,https://doi.org/10.1007/s00500-019-04171-4,59,10,25.29545452,99.70,Digital Media and Visual Art,Computer Graphics and Computer-Aided Design,Computer Science,Physical Sciences,closed
https://openalex.org/W1985151727,Central bank communication design in a Lucas-Phelps economy,2014,article,Journal of Monetary Economics,"David P. Myatt, Chris Wallace","London Business School, University of Leicester",en,50,https://doi.org/10.1016/j.jmoneco.2014.01.003,57,10,13.72021742,98.88,Monetary Policy and Economic Impact,"General Economics, Econometrics and Finance","Economics, Econometrics and Finance",Social Sciences,closed
https://openalex.org/W2963304955,Trajectory and Communication Design for UAV-Relayed Wireless Networks,2019,article,IEEE Wireless Communications Letters,"Xu Jiang, Zhilu Wu, Zhendong Yin, Wei Yang, Zhutian Yang",Harbin Institute of Technology,en,12,https://doi.org/10.1109/lwc.2019.2930968,55,10,5.70450309,96.63,UAV Applications and Optimization,Aerospace Engineering,Engineering,Physical Sciences,closed
https://openalex.org/W2997491196,Robust Trajectory and Communication Design for Multi-UAV Enabled Wireless Networks in the Presence of Jammers,2019,article,IEEE Access,"Yang Wu, Wenlu Fan, Weiwei Yang, Xiaoli Sun, Xinrong Guan","PLA Army Engineering University, Nanjing University",en,35,https://doi.org/10.1109/access.2019.2962534,55,10,10.14133883,98.68,UAV Applications and Optimization,Aerospace Engineering,Engineering,Physical Sciences,gold
https://openalex.org/W2144337810,Stakeholder engagement as communication design practice,2015,article,Journal of Public Affairs,"Mark Aakhus, Michael Bzdak","Rutgers, The State University of New Jersey, Johnson & Johnson (United States)",en,59,https://doi.org/10.1002/pa.1569,55,10,6.444417,96.44,Knowledge Management and Sharing,Communication,Social Sciences,Social Sciences,closed
https://openalex.org/W2989173596,Join trajectory optimization and communication design for UAV-enabled OFDM networks,2019,article,Ad Hoc Networks,"Zhenyu Na, Jun Wang, Chungang Liu, Mingxiang Guan, Zihe Gao","Dalian Maritime University, Hebei Normal University, Shenzhen Institute of Information Technology, China Academy of Space Technology",en,57,https://doi.org/10.1016/j.adhoc.2019.102031,54,10,13.31050721,99.20,UAV Applications and Optimization,Aerospace Engineering,Engineering,Physical Sciences,closed
https://openalex.org/W2613605741,Joint Trajectory and Communication Design for Multi-UAV Enabled Wireless Networks,2017,preprint,arXiv (Cornell University),"Qingqing Wu, Yong Zeng, Rui Zhang",,en,21,https://doi.org/10.48550/arxiv.1705.02723,53,10,0.0,,UAV Applications and Optimization,Aerospace Engineering,Engineering,Physical Sciences,green
https://openalex.org/W2266385688,Communication: Designed diamond ground state via optimized isotropic monotonic pair potentials,2013,article,The Journal of Chemical Physics,"Étienne Marcotte, Frank H. Stillinger, Salvatore Torquato",Princeton University,en,11,https://doi.org/10.1063/1.4790634,51,10,4.65616742,96.06,High-pressure geophysics and materials,Geophysics,Earth and Planetary Sciences,Physical Sciences,bronze
https://openalex.org/W3021971398,UAV-Aided Wireless Communication Design With Energy Constraint in Space-Air-Ground Integrated Green IoT Networks,2020,article,IEEE Access,"Haibo Dai, Hui Bian, Chunguo Li, Baoyun Wang","Nanjing University of Posts and Telecommunications, Southeast University",en,40,https://doi.org/10.1109/access.2020.2992466,48,10,11.64776416,98.84,UAV Applications and Optimization,Aerospace Engineering,Engineering,Physical Sciences,gold
https://openalex.org/W4391164045,Joint Trajectory and Communication Design for UAV-Assisted Symbiotic Radio Networks,2024,article,IEEE Transactions on Vehicular Technology,"Zhao Li, Hongbo Xu, Shaocheng Qu, Ziming Wei, Yuanyuan Liu",Central China Normal University,en,41,https://doi.org/10.1109/tvt.2024.3356587,47,10,17.35091822,99.23,Advanced Wireless Communication Technologies,Electrical and Electronic Engineering,Engineering,Physical Sciences,closed
https://openalex.org/W4367052130,Virtual reality technology in art education with visual communication design in higher education: a systematic literature review,2023,article,Education and Information Technologies,"Jiawei Wang, Nur Azlina Mohamed Mokmin",Universiti Sains Malaysia,en,44,https://doi.org/10.1007/s10639-023-11845-y,46,10,28.45043083,99.55,Innovative Educational Technologies,Information Systems,Computer Science,Physical Sciences,closed
https://openalex.org/W2094942327,Promoting the Michigan Organ Donor Registry: Evaluating the Impact of a Multifaceted Intervention Utilizing Media Priming and Communication Design,2010,article,Health Communication,"Tyler R. Harrison, Susan E. Morgan, Andy J. King, Mark J. Di Corcia, Elizabeth A. Williams, Rebecca Ivic, Paula Hopeck","Purdue University West Lafayette, Indiana University",en,22,https://doi.org/10.1080/10410236.2010.521912,45,10,4.69105215,93.40,Organ Donation and Transplantation,"Public Health, Environmental and Occupational Health",Medicine,Health Sciences,closed
https://openalex.org/W2162112407,"A flexible middleware for multimedia communication: design, implementation, and experience",1999,article,IEEE Journal on Selected Areas in Communications,"Burkhard Stiller, Christina Class, Marcel Waldvogel, Germano Caronni, Daniel Bauer","École Polytechnique Fédérale de Lausanne, IBM Research - Zurich",en,34,https://doi.org/10.1109/49.790483,44,10,16.53030093,98.76,Multimedia Communication and Technology,Sociology and Political Science,Social Sciences,Social Sciences,closed
https://openalex.org/W4285107918,Trajectory and Communication Design for Cache- Enabled UAVs in Cellular Networks: A Deep Reinforcement Learning Approach,2022,article,IEEE Transactions on Mobile Computing,"Jiequ Ji, Kun Zhu, Lin Cai","Nanjing University of Aeronautics and Astronautics, University of Victoria",en,57,https://doi.org/10.1109/tmc.2022.3181308,44,10,14.87995349,99.04,UAV Applications and Optimization,Aerospace Engineering,Engineering,Physical Sciences,closed
https://openalex.org/W20106690,Risk Communication Design: Video vs. Text,2012,book-chapter,Lecture notes in computer science,"Vaibhav Garg, L. Jean Camp, Katherine Connelly, Lesa Lorenzen-Huber",Indiana University,en,60,https://doi.org/10.1007/978-3-642-31680-7_15,39,10,9.68513022,97.61,Risk Perception and Management,Sociology and Political Science,Social Sciences,Social Sciences,closed
https://openalex.org/W3039203433,Teaching the Designer of Now: A New Basis for Graphic and Communication Design Education,2020,article,She ji,Juliette Cezzar,"New School, NewSchool of Architecture and Design, Parsons School of Design",en,10,https://doi.org/10.1016/j.sheji.2020.05.002,39,10,3.31054881,91.75,Design Education and Practice,Mechanical Engineering,Engineering,Physical Sciences,gold
https://openalex.org/W4221073331,Animation Special Effects Production Method and Art Color Research Based on Visual Communication Design,2022,article,Scientific Programming,Xiaoying Liu,Weinan Normal University,en,17,https://doi.org/10.1155/2022/7835917,38,10,16.9858122,99.48,Digital Media and Visual Art,Computer Graphics and Computer-Aided Design,Computer Science,Physical Sciences,hybrid
https://openalex.org/W2231184814,The communication design of WeChat,2016,article,Communication Design Quarterly,"Xiaobo Wang, Baotong Gu",Georgia State University,en,21,https://doi.org/10.1145/2875501.2875503,37,10,6.01952557,96.05,Social Media and Politics,Communication,Social Sciences,Social Sciences,closed
https://openalex.org/W2742715076,The cultural context of care in international communication design,2017,article,Communication Design Quarterly,Kirk St. Amant,Louisiana Tech University,en,20,https://doi.org/10.1145/3131201.3131207,37,10,5.1833543,95.19,Persona Design and Applications,Human-Computer Interaction,Computer Science,Physical Sciences,closed
https://openalex.org/W4285142853,Joint Trajectory and Communication Design for IRS-Assisted UAV Networks,2022,article,IEEE Wireless Communications Letters,"Xiaokai Song, Yanlong Zhao, Zhilu Wu, Zhutian Yang, Jie Tang","Harbin Institute of Technology, South China University of Technology",en,16,https://doi.org/10.1109/lwc.2022.3179028,36,10,3.87528193,93.61,Advanced Wireless Communication Technologies,Electrical and Electronic Engineering,Engineering,Physical Sciences,closed
https://openalex.org/W3191128608,Visual Communication Design of Digital Media in Digital Advertising,2021,article,Journal of Contemporary Educational Research,Hongni Li,"Guangzhou Huashang College, Guangzhou Automobile Group (China)",en,0,https://doi.org/10.26689/jcer.v5i7.2312,35,10,11.06511502,98.45,Digital Media and Visual Art,Computer Graphics and Computer-Aided Design,Computer Science,Physical Sciences,diamond
https://openalex.org/W3209423374,Research on the Teaching of Visual Communication Design Based on Digital Technology,2021,article,Wireless Communications and Mobile Computing,"Jianying Bian, Ying Ji","Wuxi Vocational College of Science and Technology, Wuxi Vocational Institute of Commerce, Ajou University",en,22,https://doi.org/10.1155/2021/8304861,35,10,11.98720793,98.73,Digital Media and Visual Art,Computer Graphics and Computer-Aided Design,Computer Science,Physical Sciences,hybrid
https://openalex.org/W4280623691,A Low-Latency Communication Design for Brain Simulations,2022,article,IEEE Network,"Xin Du, Yuhao Liu, Zhihui Lu, Qiang Duan, Jianfeng Feng, Jie Wu, Boyu Chen, Qibao Zheng","Fudan University, Pennsylvania State University",en,15,https://doi.org/10.1109/mnet.008.2100447,33,10,3.55234177,92.72,Advanced Memory and Neural Computing,Electrical and Electronic Engineering,Engineering,Physical Sciences,closed
https://openalex.org/W3160523492,Communication—Design of LiNi<sub>0.2</sub>Mn<sub>0.2</sub>Co<sub>0.2</sub>Fe<sub>0.2</sub>Ti<sub>0.2</sub>O<sub>2</sub> as a High-Entropy Cathode for Lithium-Ion Batteries Guided by Machine Learning,2021,article,Journal of The Electrochemical Society,"James Sturman, Chae-Ho Yim, Elena A. Baranova, Yaser Abu‐Lebdeh","National Research Council Canada, University of Ottawa",en,15,https://doi.org/10.1149/1945-7111/ac00f4,33,10,2.383717,90.35,Semiconductor materials and devices,Electrical and Electronic Engineering,Engineering,Physical Sciences,closed
https://openalex.org/W2014826025,The importance of information and communication design for manual skills instruction with augmented reality,2010,article,Journal of Manufacturing Technology Management,Stephen Fox,VTT Technical Research Centre of Finland,en,85,https://doi.org/10.1108/17410381011014369,33,10,3.02553444,92.53,Technology Adoption and User Behaviour,Information Systems and Management,Decision Sciences,Social Sciences,closed
https://openalex.org/W1819863052,Web Site Design is Communication Design,2001,book,Document design companion series,Thea M. van der Geest,University of Twente,en,1,https://doi.org/10.1075/ddcs.2,33,10,0.62751159,71.70,Usability and User Interface Design,Human-Computer Interaction,Computer Science,Physical Sciences,closed
https://openalex.org/W2113165395,From Formalism to Social Significance in Communication Design,2002,article,Design Issues,"Jodi Forlizzi, Cherie Lebbon",,en,3,https://doi.org/10.1162/074793602320827389,33,10,0.0,23.10,Design Education and Practice,Mechanical Engineering,Engineering,Physical Sciences,closed
https://openalex.org/W2018754857,"""Tsunagari-kan"" Communication: Design of a New Telecommunication Environment and a Field Test with Family Members Living Apart",2005,article,International Journal of Human-Computer Interaction,"Asami Miyajima, Yoshihiro Itoh, Masako Itoh, Takumi Watanabe",,en,4,https://doi.org/10.1207/s15327590ijhc1902_6,32,10,6.22472941,95.68,Multimedia Communication and Technology,Sociology and Political Science,Social Sciences,Social Sciences,closed
https://openalex.org/W2346055820,Linking classroom and community: A theoretical alignment of service learning and a human-centered design methodology in contemporary communication design education,2016,article,Education as Change,"Anneli Bowie, Fatima Cassim",University of Pretoria,en,52,https://doi.org/10.17159/1947-9417/2016/556,32,10,9.76735634,97.87,Service-Learning and Community Engagement,Education,Social Sciences,Social Sciences,gold
https://openalex.org/W2021532338,Visual research methods and communication design,2013,article,Proceedings of the 31st ACM international conference on Design of communication,Brian J. McNely,University of Kentucky,en,45,https://doi.org/10.1145/2507065.2507073,32,10,1.58718388,83.53,Design Education and Practice,Mechanical Engineering,Engineering,Physical Sciences,closed
https://openalex.org/W2940696983,Online communication design education: the importance of the social environment,2019,article,Studies in Higher Education,Nicole Wragg,Swinburne University of Technology,en,36,https://doi.org/10.1080/03075079.2019.1605501,32,10,49.95400017,99.70,"Architecture, Art, Education",Visual Arts and Performing Arts,Arts and Humanities,Social Sciences,closed
https://openalex.org/W4322500306,The Innovative Application of Visual Communication Design in Modern Art Design,2023,article,Electronics,"Yan Gu, Qi Wang, Wanli Gu","Jiangsu University of Science and Technology, Changzhou Institute of Technology, Guilin University of Aerospace Technology",en,25,https://doi.org/10.3390/electronics12051150,30,10,19.85692542,99.22,Digital Media and Visual Art,Computer Graphics and Computer-Aided Design,Computer Science,Physical Sciences,gold
https://openalex.org/W4289516714,Innovative application of new media in visual communication design and resistance to innovation,2022,article,Frontiers in Psychology,"Ge Yu, Shamim Akhter, Tribhuwan Kumar, Geovanny Genaro Reiván Ortiz, Kundharu Saddhono","Shanxi University, Northern University of Malaysia, Prince Sattam Bin Abdulaziz University, Universidad Católica de Cuenca, University of Cuenca, Sebelas Maret University",en,74,https://doi.org/10.3389/fpsyg.2022.940899,30,10,13.40985174,99.31,Digital Media and Visual Art,Computer Graphics and Computer-Aided Design,Computer Science,Physical Sciences,gold
https://openalex.org/W2036050124,Enhancing Communication Interventions and Evaluations through Communication Design,2013,article,Journal of Applied Communication Research,Tyler R. Harrison,Purdue University West Lafayette,en,32,https://doi.org/10.1080/00909882.2013.825047,30,10,1.6512244,86.12,Innovative Human-Technology Interaction,Human-Computer Interaction,Computer Science,Physical Sciences,closed
https://openalex.org/W3034036692,"Novel Indoor Ultraviolet Wireless Communication: Design Implementation, Channel Modeling, and Challenges",2020,article,IEEE Systems Journal,"Sudhanshu Arya, Yeon Ho Chung",Pukyong National University,en,52,https://doi.org/10.1109/jsyst.2020.2995919,30,10,2.65151806,91.19,Optical Wireless Communication Technologies,Electrical and Electronic Engineering,Engineering,Physical Sciences,closed
https://openalex.org/W4387010445,"Dual-Band Two-Port MIMO Antenna for Biomedical Deep Tissue Communication: Design, Characterization, and Performance Analysis",2023,article,IEEE Access,"Syed Nazim Shah, Muhammad Zada, Jamal Nasir, Syed Manaf Ali Shah, Emilio Arnieri, Hyoungsuk Yoo","Abbottabad University of Science and Technology, COMSATS University Islamabad, Hanyang University, University of Calabria",en,30,https://doi.org/10.1109/access.2023.3319216,28,10,4.44858539,93.95,Wireless Body Area Networks,Biomedical Engineering,Engineering,Physical Sciences,gold
https://openalex.org/W2051031434,Computers and communication design,1994,article,interactions,"Daniel Boyarski, Richard Buchanan",Carnegie Mellon University,en,0,https://doi.org/10.1145/174809.174812,28,10,6.94631042,97.36,Design Education and Practice,Mechanical Engineering,Engineering,Physical Sciences,bronze
https://openalex.org/W2082538127,Visual communication: design studio education through working the process,2011,article,Procedia - Social and Behavioral Sciences,Fatoş Adiloğlu,Bahçeşehir University,en,14,https://doi.org/10.1016/j.sbspro.2011.11.182,27,10,1.50502071,84.14,Design Education and Practice,Mechanical Engineering,Engineering,Physical Sciences,diamond
https://openalex.org/W2800597722,Organizational Communication Design Logics: A Theory of Communicative Intervention and Collective Communication Design,2018,article,Communication Theory,"Joshua B. Barbour, Rebecca Gill, J. Kevin Barge","The University of Texas at Austin, Massey University, Texas A&M University",en,64,https://doi.org/10.1093/ct/qtx005,27,10,2.305219,86.13,Design Education and Practice,Mechanical Engineering,Engineering,Physical Sciences,closed
https://openalex.org/W3081415854,NOMA-Aided UAV Data Collection System: Trajectory Optimization and Communication Design,2020,article,IEEE Access,"Junwei Zhao, Ying Wang, Zixuan Fei, Xue Wang, Zhongyu Miao",Beijing University of Posts and Telecommunications,en,48,https://doi.org/10.1109/access.2020.3019080,26,10,6.27187301,96.72,UAV Applications and Optimization,Aerospace Engineering,Engineering,Physical Sciences,gold
https://openalex.org/W2947576312,"Joint Radar and Communication Design: Applications, State-of-the-art, and the Road Ahead",2019,preprint,arXiv (Cornell University),"Fan Liu, Christos Masouros, Athina P. Petropulu, Hugh Griffiths, Lajos Hanzo","University College London, Rutgers, The State University of New Jersey, University of Southampton",en,103,https://doi.org/10.48550/arxiv.1906.00789,26,10,0.0,,Radar Systems and Signal Processing,Aerospace Engineering,Engineering,Physical Sciences,green
https://openalex.org/W2579947524,Joint Dimming and Communication Design for Visible Light Communication,2017,article,IEEE Communications Letters,"Shun Lou, Chen Gong, Nan Wu, Zhengyuan Xu","Chinese Academy of Sciences, University of Science and Technology of China, Tsinghua University, University Town of Shenzhen",en,16,https://doi.org/10.1109/lcomm.2017.2657740,25,10,2.37850025,90.18,Optical Wireless Communication Technologies,Electrical and Electronic Engineering,Engineering,Physical Sciences,closed
https://openalex.org/W2915720667,On the LED Illumination and Communication Design Space for Visible Light Communication,2019,article,IEEE Transactions on Industry Applications,"Lucas Teixeira, Felipe Loose, Joao Paulo Brum, Carlos Henrique Barriquello, Vitalio Alfonso Reguera, Marco A. Dalla Costa",Universidade Federal de Santa Maria,en,27,https://doi.org/10.1109/tia.2019.2900209,24,10,1.93549033,87.02,Optical Wireless Communication Technologies,Electrical and Electronic Engineering,Engineering,Physical Sciences,closed
https://openalex.org/W2229895166,Introduction to the special issue: Cultural considerations for communication design,2016,article,Communication Design Quarterly,Kirk St. Amant,East Carolina University,en,22,https://doi.org/10.1145/2875501.2875502,24,10,4.26025265,93.00,Digital Storytelling and Education,Speech and Hearing,Health Professions,Health Sciences,closed
https://openalex.org/W4241944005,"A new family of 5D, 6D, 7D and 8D hyperchaotic systems from the 4D hyperchaotic Vaidyanathan system, the dynamic analysis of the 8D hyperchaotic system with six positive Lyapunov exponents and an application to secure communication design",2020,article,International Journal of Modelling Identification and Control,"Khaled Benkouider, Toufik Bouden, Müştak E. Yalçın, Sundarapandian Vaıdyanathan","University of Jijel, Istanbul Technical University, Vel Tech Rangarajan Dr. Sagunthala R&D Institute of Science and Technology",en,0,https://doi.org/10.1504/ijmic.2020.114191,24,10,1.08904384,79.28,Chaos control and synchronization,Statistical and Nonlinear Physics,Physics and Astronomy,Physical Sciences,closed
https://openalex.org/W2569948084,State-based communication design for wireless control systems,2016,article,2016 IEEE 55th Conference on Decision and Control (CDC),"Konstantinos Gatsis, Alejandro Ribeiro, George J. Pappas",University of Pennsylvania,en,26,https://doi.org/10.1109/cdc.2016.7798258,24,10,2.89859455,92.80,Stability and Control of Uncertain Systems,Control and Systems Engineering,Engineering,Physical Sciences,closed
https://openalex.org/W2072847182,The effect of communication design and recipients’ numeracy on responses to UXO risk,2013,article,Journal of Risk Research,"Wändi Bruine de Bruin, Eric R. Stone, Jacqueline MacDonald Gibson, Paul S. Fischbeck, Mohammad Baradaran Shoraka","Carnegie Mellon University, Wake Forest University, University of North Carolina at Chapel Hill, Decision Sciences (United States)",en,48,https://doi.org/10.1080/13669877.2013.788055,24,10,4.65710847,95.10,Risk Perception and Management,Sociology and Political Science,Social Sciences,Social Sciences,closed
https://openalex.org/W4312286285,Task-Oriented Communication Design in Cyber-Physical Systems: A Survey on Theory and Applications,2022,article,IEEE Access,"Arsham Mostaani, Thang X. Vu, Shree Krishna Sharma, Van‐Dinh Nguyen, Qi Liao, Symeon Chatzinotas","Nokia (Germany), University of Luxembourg, VinUniversity",en,213,https://doi.org/10.1109/access.2022.3231039,23,10,4.92756013,92.96,IoT and Edge/Fog Computing,Computer Networks and Communications,Computer Science,Physical Sciences,gold
https://openalex.org/W3165629712,Deep mapping for environmental communication design,2021,article,Communication Design Quarterly,"Shannon Butts, Madison Jones","University of Florida, University of Rhode Island",en,70,https://doi.org/10.1145/3437000.3437001,23,10,26.83900396,99.52,Rhetoric and Communication Studies,Philosophy,Arts and Humanities,Social Sciences,closed
https://openalex.org/W3158247490,The role of visual communication design to increase public literacy on the history of Spice Route in supporting Indonesia’s proposal toward UNESCO’s World Cultural Heritage,2021,article,IOP Conference Series Earth and Environmental Science,"D Kumoratih, G Anindita, Inda Ariesta, Elghandiva Tholkhah",Binus University,en,2,https://doi.org/10.1088/1755-1315/729/1/012107,23,10,19.67839193,100.00,Digital Storytelling and Education,Speech and Hearing,Health Professions,Health Sciences,diamond
https://openalex.org/W2911334475,"Realizing Multi-Gbps Vehicular Communication: Design, Implementation, and Validation",2019,article,IEEE Access,"Gosan Noh, Junhyeong Kim, Heesang Chung, Ilgyu Kim",Electronics and Telecommunications Research Institute,en,52,https://doi.org/10.1109/access.2019.2896598,22,10,1.36622847,81.95,Advanced MIMO Systems Optimization,Electrical and Electronic Engineering,Engineering,Physical Sciences,gold
https://openalex.org/W4399728065,Joint Trajectory Planning and Communication Design for Multiple UAVs in Intelligent Collaborative Air–Ground Communication Systems,2024,article,IEEE Internet of Things Journal,"Zhuo Lu, Ziye Jia, Qihui Wu, Zhu Han","Ministry of Industry and Information Technology, Nanjing University of Aeronautics and Astronautics, University of Houston",en,43,https://doi.org/10.1109/jiot.2024.3415076,22,10,29.02033509,99.55,UAV Applications and Optimization,Aerospace Engineering,Engineering,Physical Sciences,closed
https://openalex.org/W2155534007,Communication design for electronic negotiations on the basis of XML schema,2001,article,Proceedings of the 10th international conference on World Wide Web,Michael Ströbel,IBM Research - Zurich,en,24,https://doi.org/10.1145/371920.371924,21,10,5.26856365,95.80,Multi-Agent Systems and Negotiation,Artificial Intelligence,Computer Science,Physical Sciences,closed
https://openalex.org/W3124073401,"Window on the weather: a case study in multi-platform visual communication design, with a relationship to Design Thinking",2021,article,Visual Communication,Iain Macdonald,"National University of Ireland, Maynooth",en,34,https://doi.org/10.1177/1470357220948547,21,10,2.69875076,88.71,Innovative Human-Technology Interaction,Human-Computer Interaction,Computer Science,Physical Sciences,closed
https://openalex.org/W2983041606,A Review of Engagement with Creativity and Creative Design Processes for Visual Communication Design (VCD) Learning in China,2019,review,International Journal of Art & Design Education,Brenda Saris,,en,58,https://doi.org/10.1111/jade.12262,21,10,1.60411935,82.26,Creativity in Education and Neuroscience,Experimental and Cognitive Psychology,Psychology,Social Sciences,closed
https://openalex.org/W1975043685,"Person-centred communication: design, implementation and evaluation of a communication skills module or undergraduate nursing students - an Irish context.",2008,article,PubMed,"Bridie McCarthy, Moira O’Donovan, Angela Twomey",University College Cork,en,35,https://doi.org/10.5555/conu.2008.27.2.207,21,10,1.3790925,82.67,Patient-Provider Communication in Healthcare,General Health Professions,Health Professions,Health Sciences,closed
https://openalex.org/W3135863660,UAV-Aided Vehicular Communication Design With Vehicle Trajectory’s Prediction,2021,article,IEEE Wireless Communications Letters,"Zhaonian Liu, Gaofei Huang, Qihong Zhong, Hui Zheng, Sai Zhao","Guangzhou University, China Telecom, China Telecom (China)",en,22,https://doi.org/10.1109/lwc.2021.3062326,21,10,5.83743826,95.96,UAV Applications and Optimization,Aerospace Engineering,Engineering,Physical Sciences,closed
https://openalex.org/W3046481661,Microstrip Antenna for 5G Communication: Design and Performance Analysis,2020,article,"2020 International Congress on Human-Computer Interaction, Optimization and Robotic Applications (HORA)",Bilal Tütüncü,Van Yüzüncü Yıl Üniversitesi,en,22,https://doi.org/10.1109/hora49412.2020.9152855,20,10,1.79196372,88.01,Antenna Design and Analysis,Aerospace Engineering,Engineering,Physical Sciences,closed
https://openalex.org/W2058331630,<i>Altered Lives</i> : assessing the effectiveness of digital storytelling as a form of communication design,2015,article,Continuum,"Bronwen Gray, Alan J. De Young, Tania Blomfield","Auckland University of Technology, Whitecliffe College of Arts and Design",en,56,https://doi.org/10.1080/10304312.2015.1025359,20,10,3.70599719,91.48,Digital Storytelling and Education,Speech and Hearing,Health Professions,Health Sciences,closed
https://openalex.org/W4200067809,A Study of Big-Data-Driven Data Visualization and Visual Communication Design Patterns,2021,article,Scientific Programming,Weiming Zhu,Zhejiang Sci-Tech University,en,21,https://doi.org/10.1155/2021/6704937,20,10,7.37674334,97.37,Digital Media and Visual Art,Computer Graphics and Computer-Aided Design,Computer Science,Physical Sciences,hybrid
https://openalex.org/W2607309088,New Perspective on Visual Communication Design Education: An Empirical Study of Applying Narrative Theory to Graphic Design Courses,2017,article,International Journal of Higher Education,"Chao-Ming Yang, Tzu-Fan Hsu","Ming Chi University of Technology, Chung Yuan Christian University",en,27,https://doi.org/10.5430/ijhe.v6n2p188,20,10,12.10043506,97.50,Visual Culture and Art Theory,Visual Arts and Performing Arts,Arts and Humanities,Social Sciences,diamond
https://openalex.org/W2323367911,Environmental Communication: Design Planning for Wayfinding,1994,article,Design Issues,Sergio Correa de Jesús,,en,0,https://doi.org/10.2307/1511691,20,10,0.0,49.20,Spatial Cognition and Navigation,Automotive Engineering,Engineering,Physical Sciences,closed
https://openalex.org/W3174162291,Innovation and Development Analysis of Visual Communication Design Based on Digital Media Art Context,2021,article,2021 International Conference on Computer Technology and Media Convergence Design (CTMCD),Bin Yang,Tianjin Metallurgical Vocational Technical College,en,0,https://doi.org/10.1109/ctmcd53128.2021.00047,19,10,6.91569689,97.12,Digital Media and Visual Art,Computer Graphics and Computer-Aided Design,Computer Science,Physical Sciences,closed
https://openalex.org/W3159850512,Joint Computation Offloading and Communication Design for Secure UAV-Enabled MEC Systems,2021,article,2021 IEEE Wireless Communications and Networking Conference (WCNC),"Yiyang Li, Yuan Fang, Ling Qiu","Chinese Academy of Sciences, University of Science and Technology of China",en,17,https://doi.org/10.1109/wcnc49053.2021.9417457,19,10,4.60850389,94.62,UAV Applications and Optimization,Aerospace Engineering,Engineering,Physical Sciences,closed
https://openalex.org/W3118814157,Dual-Functional Wireless Power Transfer and Data Communication Design for Micromedical Implants,2021,article,IEEE Journal of Emerging and Selected Topics in Power Electronics,"Tianfeng Wang, Qi Xu, Wenyan Jia, Zhi‐Hong Mao, Houjun Tang, Mingui Sun","Shanghai Jiao Tong University, Huazhong University of Science and Technology, University of Pittsburgh",en,55,https://doi.org/10.1109/jestpe.2021.3049787,18,10,1.1918585,79.81,Wireless Power Transfer Systems,Electrical and Electronic Engineering,Engineering,Physical Sciences,closed
https://openalex.org/W2793835567,Critical perspectives of technology-enhanced learning in relation to specialist Communication Design studio education within the UK and Australia,2018,article,Research in Comparative and International Education,"Lorraine Marshalsey, Madeleine Sclater","Griffith University, Glasgow School of Art",en,72,https://doi.org/10.1177/1745499918761706,18,10,10.46903516,97.94,Educational Environments and Student Outcomes,Education,Social Sciences,Social Sciences,bronze
https://openalex.org/W4293221709,Robust trajectory and communication design for angle-constrained multi-UAV communications in the presence of jammers,2022,article,China Communications,"Yufang Gao, Yang Wu, Zhichao Cui, Wendong Yang, Guojie Hu, Shiming Xu","PLA Army Engineering University, PLA Rocket Force University of Engineering",en,0,https://doi.org/10.23919/jcc.2022.02.011,18,10,6.0872537,95.71,UAV Applications and Optimization,Aerospace Engineering,Engineering,Physical Sciences,closed
https://openalex.org/W3003298560,VISUAL AUDIO COMMUNICATION DESIGN ON THE ROLE OF INFORMATION TECHNOLOGY ON STUDENT LIFE STYLE OF UNIVERSITAS RAHARJA,2020,article,ADI Journal on Recent Innovation (AJRI),Wendy Andriyan,,en,0,https://doi.org/10.34306/ajri.v2i1.22,18,10,4.24610462,94.45,Blockchain Technology in Education and Learning,Information Systems,Computer Science,Physical Sciences,diamond
https://openalex.org/W2905356873,Supporting students’ self-directed experiences of studio learning in Communication Design: The co-creation of a participatory methods process model,2018,article,Australasian Journal of Educational Technology,"Lorraine Marshalsey, Madeleine Sclater","Griffith University, Glasgow School of Art",en,54,https://doi.org/10.14742/ajet.4498,18,10,6.44248318,96.41,Educational Environments and Student Outcomes,Education,Social Sciences,Social Sciences,diamond
https://openalex.org/W2595263618,Visual Communication Design,2017,book,Bloomsbury Publishing Plc eBooks,"Meredith Davis, Jamer Hunt",,en,0,https://doi.org/10.5040/9781474208468,18,10,0.56872616,74.04,Design Education and Practice,Mechanical Engineering,Engineering,Physical Sciences,closed
https://openalex.org/W4392782045,Joint UAV trajectory and communication design with heterogeneous multi-agent reinforcement learning,2024,article,Science China Information Sciences,"Xuanhan Zhou, Jun Xiong, Haitao Zhao, Xiaoran Liu, Baoquan Ren, Xiaochen Zhang, Jibo Wei, Hao Yin","National University of Defense Technology, PLA Academy of Military Science",en,49,https://doi.org/10.1007/s11432-023-3906-3,17,10,22.42480439,99.24,UAV Applications and Optimization,Aerospace Engineering,Engineering,Physical Sciences,closed
https://openalex.org/W2171651133,"Measure Twice, Cut Once: The Temporality of Communication Design",2014,article,Journal of Applied Communication Research,"Dawna I. Ballard, Thomas B. McVey",The University of Texas at Austin,en,40,https://doi.org/10.1080/00909882.2013.874571,17,10,1.54631628,84.80,Team Dynamics and Performance,Social Psychology,Psychology,Social Sciences,closed
https://openalex.org/W4221074823,Visual Communication Design Using Machine Vision and Digital Media Communication Technology,2022,article,Wireless Communications and Mobile Computing,"Xuelun Guan, Kaihong Wang",Guangdong University of Foreign Studies,en,26,https://doi.org/10.1155/2022/6235913,17,10,7.59891598,97.82,Digital Media and Visual Art,Computer Graphics and Computer-Aided Design,Computer Science,Physical Sciences,hybrid
https://openalex.org/W2727505591,Handling multi‐parametric variations in distributed control of cyber‐physical energy systems through optimal communication design,2017,article,IET Cyber-Physical Systems Theory & Applications,"Meher Preetam Korukonda, Swaroop Mishra, Anupam Shukla, Laxmidhar Behera","Indian Institute of Technology Kanpur, Atal Bihari Vajpayee Indian Institute of Information Technology and Management",en,26,https://doi.org/10.1049/iet-cps.2017.0024,17,10,2.19808526,88.41,Smart Grid Security and Resilience,Control and Systems Engineering,Engineering,Physical Sciences,gold
https://openalex.org/W4297851177,"Person-centred communication: Design, implementation and evaluation of a communication skills module for undergraduate nursing students – an Irish context",2008,article,Contemporary Nurse,"Bridie McCarthy, Moira O’Donovan, Angela Twomey",University College Cork,en,0,https://doi.org/10.5172/conu.2008.27.2.207,17,10,0.68954625,81.64,Interprofessional Education and Collaboration,General Health Professions,Health Professions,Health Sciences,closed
https://openalex.org/W1874017009,Investigating the Experiential Impact of Sensory Affect in Contemporary Communication Design Studio Education,2015,article,International Journal of Art & Design Education,Lorraine Marshalsey,Griffith University,en,34,https://doi.org/10.1111/jade.12086,16,10,0.95080531,78.39,Creativity in Education and Neuroscience,Experimental and Cognitive Psychology,Psychology,Social Sciences,closed
https://openalex.org/W4224925138,Cramér-Rao Bound and Antenna Selection Optimization for Dual Radar-Communication Design,2022,article,"ICASSP 2022 - 2022 IEEE International Conference on Acoustics, Speech and Signal Processing (ICASSP)","Zhaoyi Xu, Fan Liu, Athina P. Petropulu","Rutgers Sexual and Reproductive Health and Rights, Southern University of Science and Technology",en,24,https://doi.org/10.1109/icassp43922.2022.9747651,16,10,5.18589082,97.24,Radar Systems and Signal Processing,Aerospace Engineering,Engineering,Physical Sciences,closed
https://openalex.org/W3090373767,The relevance of virtual reality to communication design,2020,article,Design Studies,"Simon Laing, Mark Apperley",University of Waikato,en,48,https://doi.org/10.1016/j.destud.2020.100965,16,10,1.61034691,82.52,Virtual Reality Applications and Impacts,Human-Computer Interaction,Computer Science,Physical Sciences,closed
https://openalex.org/W2900680716,Live-action Communication Design: A Technical How-To Video Case Study,2018,article,Technical Communication Quarterly,"Per Eriksson, Yvonne Eriksson","Dalarna University, Mälardalen University",en,85,https://doi.org/10.1080/10572252.2018.1528388,15,10,2.97186805,92.54,Multimedia Communication and Technology,Sociology and Political Science,Social Sciences,Social Sciences,hybrid
https://openalex.org/W3109800565,Critically reflective practice in visual communication design teaching for higher education undergraduate program,2020,article,International Journal of Technology and Design Education,Anwer Ali,University of Gujrat,en,38,https://doi.org/10.1007/s10798-020-09626-6,15,10,5.40102753,96.10,Reflective Practices in Education,Education,Social Sciences,Social Sciences,closed
https://openalex.org/W4390887433,RIS-Assisted Integrated Sensing and Covert Communication Design,2024,article,IEEE Internet of Things Journal,"Langtao Hu, Rui Yang, Lei Wu, Chongwen Huang, Y. Jiang, Li Chen, Xiaobo Zhou","Anqing Normal University, Zhejiang International Studies University, Zhejiang University, University of Science and Technology of China, Anhui Agricultural University",en,35,https://doi.org/10.1109/jiot.2024.3354247,15,10,5.53752709,94.71,Wireless Communication Security Techniques,Electrical and Electronic Engineering,Engineering,Physical Sciences,closed
https://openalex.org/W4385969288,An Evidence-Based Approach to Augmentative and Alternative Communication Design for Individuals With Cortical Visual Impairment,2023,review,American Journal of Speech-Language Pathology,"Krista M. Wilkinson, Lynn R. Elko, Emma Elko, Tara V. McCarty, Dawn J. Sowers, Sarah W. Blackstone, Christine Roman","Google (United States), Pennsylvania State University",en,54,https://doi.org/10.1044/2023_ajslp-22-00397,15,10,3.95659129,92.64,Tactile and Sensory Interactions,Cognitive Neuroscience,Neuroscience,Life Sciences,hybrid
https://openalex.org/W2392374863,Location-aware device communication design: exploration and exploitation on energy,2016,article,IEEE Wireless Communications,"Yanyao Shen, Chunxiao Jiang, Tony Q. S. Quek, Yong Ren","Tsinghua University, Singapore University of Technology and Design",en,16,https://doi.org/10.1109/mwc.2016.7462484,15,10,1.27617613,84.30,Energy Harvesting in Wireless Networks,Electrical and Electronic Engineering,Engineering,Physical Sciences,closed
https://openalex.org/W2963725328,Multistatic cloud radar systems: joint sensing and communication design,2016,article,Transactions on Emerging Telecommunications Technologies,"Seongah Jeong, Shahrouz Khalili, Osvaldo Simeone, Alexander M. Haimovich, Joonhyuk Kang","Korea Advanced Institute of Science and Technology, New Jersey Institute of Technology",en,28,https://doi.org/10.1002/ett.3020,14,10,1.57967418,91.65,Radar Systems and Signal Processing,Aerospace Engineering,Engineering,Physical Sciences,closed
